city,city_key,date,source,crawled_at,Temp,Temp_min,Temp_max,Pressure,Wind,Rain,Cloud,raw_text
Hà Nội,ha-noi,2026-01-06,thoitiet360,2026-01-06 23:56:11,14.0,11.0,15.0,1028.0,6.92,0.0,,Trang chủ Thời tiết các Tỉnh/TP Đông Bắc Bộ
Hà Nội,ha-noi,2026-01-07,thoitiet360,2026-01-07 11:15:44,17.0,13.0,20.0,1028.0,5.57,0.0,,Trang chủ Thời tiết các Tỉnh/TP Đông Bắc Bộ
Hà Nội,ha-noi,2026-01-08,thoitiet360,2026-01-08 10:24:28,18.0,12.0,21.0,1028.0,4.7,0.0,,Trang chủ Thời tiết các Tỉnh/TP Đông Bắc Bộ
Hà Nội,ha-noi,2026-01-09,thoitiet360,2026-01-09 10:25:06,17.0,12.0,21.0,1024.0,3.67,0.0,,Trang chủ Thời tiết các Tỉnh/TP Đông Bắc Bộ
Hà Nội,ha-noi,2026-01-10,thoitiet360,2026-01-10 10:19:16,18.0,13.0,22.0,1021.0,2.99,0.0,,Trang chủ Thời tiết các Tỉnh/TP Đông Bắc Bộ
Hà Nội,ha-noi,2026-01-11,thoitiet360,2026-01-11 10:44:27,20.0,14.0,23.0,1025.0,5.19,0.0,,Trang chủ Thời tiết các Tỉnh/TP Đông Bắc Bộ
Hà Nội,ha-noi,2026-01-12,thoitiet360,2026-01-12 10:43:51,20.0,14.0,23.0,1022.0,3.0,0.0,,Trang chủ Thời tiết các Tỉnh/TP Đông Bắc Bộ
Hà Nội,ha-noi,2026-01-13,thoitiet360,2026-01-13 10:23:00,20.0,15.0,25.0,1021.0,4.36,0.0,,Trang chủ Thời tiết các Tỉnh/TP Đông Bắc Bộ
Hà Nội,ha-noi,2026-01-14,thoitiet360,2026-01-14 10:41:53,20.0,15.0,25.0,1017.0,5.58,0.0,,Trang chủ Thời tiết các Tỉnh/TP Đông Bắc Bộ
Hà Nội,ha-noi,2026-01-15,thoitiet360,2026-01-15 10:25:25,20.0,16.0,24.0,1018.0,3.64,0.0,,Trang chủ Thời tiết các Tỉnh/TP Đông Bắc Bộ
Hà Nội,ha-noi,2026-01-16,thoitiet360,2026-01-16 10:24:42,21.0,18.0,23.0,1014.0,3.62,0.0,,Trang chủ Thời tiết các Tỉnh/TP Đông Bắc Bộ
Hà Nội,ha-noi,2026-01-17,thoitiet360,2026-01-17 10:17:49,21.0,19.0,23.0,1015.0,2.58,0.23,,Trang chủ Thời tiết các Tỉnh/TP Đông Bắc Bộ
Hà Nội,ha-noi,2026-01-18,thoitiet360,2026-01-18 10:40:27,22.0,19.0,26.0,1013.0,5.41,0.0,,Trang chủ Thời tiết các Tỉnh/TP Đông Bắc Bộ
Hà Nội,ha-noi,2026-01-19,thoitiet360,2026-01-19 10:44:40,22.0,19.0,24.0,1014.0,3.87,0.0,,Trang chủ Thời tiết các Tỉnh/TP Đông Bắc Bộ
Hà Nội,ha-noi,2026-01-20,thoitiet360,2026-01-20 10:28:31,20.0,19.0,21.0,1017.0,4.72,2.96,,Trang chủ Thời tiết các Tỉnh/TP Đông Bắc Bộ
Hà Nội,ha-noi,2026-01-21,thoitiet360,2026-01-21 10:27:58,18.0,15.0,20.0,1021.0,4.58,0.0,,Trang chủ Thời tiết các Tỉnh/TP Đông Bắc Bộ
Hà Nội,ha-noi,2026-01-22,thoitiet360,2026-01-22 10:42:01,11.0,10.0,14.0,1027.0,5.22,2.66,,Trang chủ Thời tiết các Tỉnh/TP Đông Bắc Bộ
Hà Nội,ha-noi,2026-01-23,thoitiet360,2026-01-23 10:27:37,12.0,10.0,14.0,1026.0,2.97,0.0,,Trang chủ Thời tiết các Tỉnh/TP Đông Bắc Bộ
Hà Nội,ha-noi,2026-01-24,thoitiet360,2026-01-24 10:21:53,13.0,12.0,16.0,1024.0,2.18,0.0,,Trang chủ Thời tiết các Tỉnh/TP Đông Bắc Bộ
Hà Nội,ha-noi,2026-01-25,thoitiet360,2026-01-25 10:48:10,15.0,14.0,18.0,1020.0,2.49,0.1,,Trang chủ Thời tiết các Tỉnh/TP Đông Bắc Bộ
Hà Nội,ha-noi,2026-01-26,thoitiet360,2026-01-26 10:51:16,17.0,16.0,21.0,1022.0,1.9,0.24,,Trang chủ Thời tiết các Tỉnh/TP Đông Bắc Bộ
Hà Nội,ha-noi,2026-01-27,thoitiet360,2026-01-27 10:42:10,21.0,17.0,23.0,1021.0,3.12,0.0,,Trang chủ Thời tiết các Tỉnh/TP Đông Bắc Bộ
Hà Nội,ha-noi,2026-01-28,thoitiet360,2026-01-28 10:30:05,21.0,17.0,26.0,1021.0,5.79,0.0,,Trang chủ Thời tiết các Tỉnh/TP Đông Bắc Bộ
Hà Nội,ha-noi,2026-01-29,thoitiet360,2026-01-29 11:02:14,21.0,16.0,24.0,1018.0,5.9,0.0,,Trang chủ Thời tiết các Tỉnh/TP Đông Bắc Bộ
Hà Nội,ha-noi,2026-01-30,thoitiet360,2026-01-30 11:03:07,23.0,18.0,23.0,1020.0,3.86,0.76,,Trang chủ Thời tiết các Tỉnh/TP Đông Bắc Bộ
Hà Nội,ha-noi,2026-01-31,thoitiet360,2026-01-31 10:59:45,19.0,17.0,20.0,1023.0,6.19,0.0,,Trang chủ Thời tiết các Tỉnh/TP Đông Bắc Bộ
Hà Nội,ha-noi,2026-02-01,thoitiet360,2026-02-01 11:24:11,19.0,17.0,21.0,1025.0,2.87,0.0,,Trang chủ Thời tiết các Tỉnh/TP Đông Bắc Bộ
Hà Nội,ha-noi,2026-02-02,thoitiet360,2026-02-02 11:16:55,17.0,16.0,19.0,1026.0,3.2,0.0,,Trang chủ Thời tiết các Tỉnh/TP Đông Bắc Bộ
Hà Nội,ha-noi,2026-02-03,thoitiet360,2026-02-03 11:08:57,18.0,14.0,24.0,1025.0,5.75,0.0,,Trang chủ Thời tiết các Tỉnh/TP Đông Bắc Bộ
Hà Nội,ha-noi,2026-02-04,thoitiet360,2026-02-04 11:06:11,19.0,15.0,24.0,1020.0,4.48,0.0,,Trang chủ Thời tiết các Tỉnh/TP Đông Bắc Bộ
Hà Nội,ha-noi,2026-02-05,thoitiet360,2026-02-05 11:07:56,20.0,18.0,21.0,1016.0,3.66,0.0,,Trang chủ Thời tiết các Tỉnh/TP Đông Bắc Bộ
Hà Nội,ha-noi,2026-02-06,thoitiet360,2026-02-06 11:08:41,22.0,20.0,24.0,1015.0,4.51,0.0,,Trang chủ Thời tiết các Tỉnh/TP Đông Bắc Bộ
Hà Nội,ha-noi,2026-02-07,thoitiet360,2026-02-07 11:02:36,22.0,20.0,25.0,1018.0,5.29,0.0,,Trang chủ Thời tiết các Tỉnh/TP Đông Bắc Bộ
Hà Nội,ha-noi,2026-02-08,thoitiet360,2026-02-08 11:29:03,14.0,13.0,22.0,1025.0,8.47,1.91,,Trang chủ Thời tiết các Tỉnh/TP Đông Bắc Bộ
Hà Nội,ha-noi,2026-02-09,thoitiet360,2026-02-09 11:20:17,13.0,12.0,17.0,1024.0,3.6,0.88,,Trang chủ Thời tiết các Tỉnh/TP Đông Bắc Bộ
Hà Nội,ha-noi,2026-02-10,thoitiet360,2026-02-10 11:27:14,18.0,16.0,22.0,1020.0,3.42,0.0,,Trang chủ Thời tiết các Tỉnh/TP Đông Bắc Bộ
Hà Nội,ha-noi,2026-02-11,thoitiet360,2026-02-11 11:24:54,19.0,17.0,22.0,1022.0,3.04,1.5,,Trang chủ Thời tiết các Tỉnh/TP Đông Bắc Bộ
Hà Nội,ha-noi,2026-02-12,thoitiet360,2026-02-12 11:17:09,20.0,18.0,22.0,1020.0,3.79,0.35,,Trang chủ Thời tiết các Tỉnh/TP Đông Bắc Bộ
Hà Nội,ha-noi,2026-02-13,thoitiet360,2026-02-13 11:13:57,23.0,18.0,26.0,1017.0,4.9,0.51,,Trang chủ Thời tiết các Tỉnh/TP Đông Bắc Bộ
Hà Nội,ha-noi,2026-02-14,thoitiet360,2026-02-14 11:03:52,23.0,20.0,24.0,1017.0,3.99,0.12,,Trang chủ Thời tiết các Tỉnh/TP Đông Bắc Bộ
Hà Nội,ha-noi,2026-02-15,thoitiet360,2026-02-15 11:15:00,25.0,19.0,29.0,1015.0,7.04,0.0,,Trang chủ Thời tiết các Tỉnh/TP Đông Bắc Bộ
Hà Nội,ha-noi,2026-02-16,thoitiet360,2026-02-16 11:17:29,25.0,20.0,29.0,1016.0,5.26,0.0,,Trang chủ Thời tiết các Tỉnh/TP Đông Bắc Bộ
Hà Nội,ha-noi,2026-02-17,thoitiet360,2026-02-17 11:12:37,24.0,21.0,25.0,1019.0,2.95,0.29,,Trang chủ Thời tiết các Tỉnh/TP Đông Bắc Bộ
Hà Nội,ha-noi,2026-02-18,thoitiet360,2026-02-18 11:14:24,20.0,18.0,22.0,1022.0,3.77,1.38,,Trang chủ Thời tiết các Tỉnh/TP Đông Bắc Bộ
Hà Nội,ha-noi,2026-02-19,thoitiet360,2026-02-19 11:13:47,20.0,19.0,22.0,1024.0,2.24,0.0,,Trang chủ Thời tiết các Tỉnh/TP Đông Bắc Bộ
Hà Nội,ha-noi,2026-02-20,thoitiet360,2026-02-20 11:08:25,20.0,19.0,26.0,1022.0,4.73,0.0,,Trang chủ Thời tiết các Tỉnh/TP Đông Bắc Bộ
Hà Nội,ha-noi,2026-02-21,thoitiet360,2026-02-21 11:00:14,23.0,17.0,30.0,1012.0,6.51,0.0,,Trang chủ Thời tiết các Tỉnh/TP Đông Bắc Bộ
Hà Nội,ha-noi,2026-02-22,thoitiet360,2026-02-22 11:10:13,22.0,21.0,23.0,1012.0,4.34,1.28,,Trang chủ Thời tiết các Tỉnh/TP Đông Bắc Bộ
Hà Nội,ha-noi,2026-02-23,thoitiet360,2026-02-23 11:16:24,24.0,21.0,27.0,1012.0,6.34,3.51,,Trang chủ Thời tiết các Tỉnh/TP Đông Bắc Bộ
Hà Nội,ha-noi,2026-02-24,thoitiet360,2026-02-24 11:11:41,23.0,21.0,25.0,1013.0,3.19,0.0,,Trang chủ Thời tiết các Tỉnh/TP Đông Bắc Bộ
Hà Nội,ha-noi,2026-02-25,thoitiet360,2026-02-25 11:13:24,22.0,21.0,23.0,1014.0,4.13,2.81,,Trang chủ Thời tiết các Tỉnh/TP Đông Bắc Bộ
Hà Nội,ha-noi,2026-02-26,thoitiet360,2026-02-26 11:09:54,22.0,21.0,24.0,1012.0,5.02,0.96,,Trang chủ Thời tiết các Tỉnh/TP Đông Bắc Bộ
Hà Nội,ha-noi,2026-02-27,thoitiet360,2026-02-27 11:06:37,25.0,19.0,29.0,1009.0,5.79,0.0,,Trang chủ Thời tiết các Tỉnh/TP Đông Bắc Bộ
Hà Nội,ha-noi,2026-02-28,thoitiet360,2026-02-28 10:48:23,26.0,24.0,32.0,1007.0,7.08,0.52,,Trang chủ Thời tiết các Tỉnh/TP Đông Bắc Bộ
Hà Nội,ha-noi,2026-03-01,thoitiet360,2026-03-01 11:15:42,28.0,24.0,31.0,1008.0,7.58,0.13,,Trang chủ Thời tiết các Tỉnh/TP Đông Bắc Bộ
Hà Nội,ha-noi,2026-03-02,thoitiet360,2026-03-02 11:07:13,27.0,24.0,28.0,1010.0,5.34,0.76,,Trang chủ Thời tiết các Tỉnh/TP Đông Bắc Bộ
Hà Nội,ha-noi,2026-03-03,thoitiet360,2026-03-03 11:08:05,23.0,21.0,25.0,1014.0,7.26,9.16,,Trang chủ Thời tiết các Tỉnh/TP Đông Bắc Bộ
Hà Nội,ha-noi,2026-03-04,thoitiet360,2026-03-04 11:02:39,22.0,19.0,27.0,1018.0,6.32,0.0,,Trang chủ Thời tiết các Tỉnh/TP Đông Bắc Bộ
Hà Nội,ha-noi,2026-03-05,thoitiet360,2026-03-05 11:06:02,21.0,18.0,25.0,1017.0,4.25,0.0,,Trang chủ Thời tiết các Tỉnh/TP Đông Bắc Bộ
Hà Nội,ha-noi,2026-03-06,thoitiet360,2026-03-06 11:03:26,23.0,20.0,24.0,1019.0,5.89,0.12,,Trang chủ Thời tiết các Tỉnh/TP Đông Bắc Bộ
Hà Nội,ha-noi,2026-03-07,thoitiet360,2026-03-07 10:54:01,23.0,19.0,24.0,1018.0,4.8,0.0,,Trang chủ Thời tiết các Tỉnh/TP Đông Bắc Bộ
Hà Nội,ha-noi,2026-03-08,thoitiet360,2026-03-08 11:04:42,22.0,20.0,24.0,1019.0,4.5,1.08,,Trang chủ Thời tiết các Tỉnh/TP Đông Bắc Bộ
Hà Nội,ha-noi,2026-03-09,thoitiet360,2026-03-09 11:10:23,21.0,17.0,22.0,1022.0,9.11,2.13,,Trang chủ Thời tiết các Tỉnh/TP Đông Bắc Bộ
Hà Nội,ha-noi,2026-03-10,thoitiet360,2026-03-10 11:02:34,22.0,17.0,25.0,1025.0,5.72,0.0,,Trang chủ Thời tiết các Tỉnh/TP Đông Bắc Bộ
Hà Nội,ha-noi,2026-03-11,thoitiet360,2026-03-11 11:03:30,21.0,17.0,25.0,1020.0,4.71,0.0,,Trang chủ Thời tiết các Tỉnh/TP Đông Bắc Bộ
Hà Nội,ha-noi,2026-03-12,thoitiet360,2026-03-12 11:07:55,23.0,19.0,24.0,1020.0,4.02,0.0,,Trang chủ Thời tiết các Tỉnh/TP Đông Bắc Bộ
Hà Nội,ha-noi,2026-03-13,thoitiet360,2026-03-13 11:05:53,26.0,19.0,27.0,1021.0,7.0,0.0,,Trang chủ Thời tiết các Tỉnh/TP Đông Bắc Bộ
Hà Nội,ha-noi,2026-03-14,thoitiet360,2026-03-14 11:04:45,23.0,20.0,24.0,1022.0,5.11,0.11,,Trang chủ Thời tiết các Tỉnh/TP Đông Bắc Bộ
Hà Nội,ha-noi,2026-03-15,thoitiet360,2026-03-15 11:27:12,22.0,20.0,25.0,1021.0,5.22,1.02,,Trang chủ Thời tiết các Tỉnh/TP Đông Bắc Bộ
Hà Nội,ha-noi,2026-03-16,thoitiet360,2026-03-16 11:34:31,25.0,20.0,26.0,1017.0,6.12,0.0,,Trang chủ Thời tiết các Tỉnh/TP Đông Bắc Bộ
Hà Nội,ha-noi,2026-03-17,thoitiet360,2026-03-17 11:12:27,25.0,20.0,29.0,1015.0,7.25,0.11,,Trang chủ Thời tiết các Tỉnh/TP Đông Bắc Bộ
Hà Nội,ha-noi,2026-03-18,thoitiet360,2026-03-18 11:17:25,25.0,20.0,28.0,1016.0,5.04,0.0,,Trang chủ Thời tiết các Tỉnh/TP Đông Bắc Bộ
Hà Nội,ha-noi,2026-03-19,thoitiet360,2026-03-19 11:15:59,25.0,21.0,26.0,1015.0,6.01,0.0,,Trang chủ Thời tiết các Tỉnh/TP Đông Bắc Bộ
Hà Nội,ha-noi,2026-03-20,thoitiet360,2026-03-20 11:07:44,25.0,21.0,28.0,1014.0,6.35,0.12,,Trang chủ Thời tiết các Tỉnh/TP Đông Bắc Bộ
Hà Nội,ha-noi,2026-03-21,thoitiet360,2026-03-21 10:58:55,25.0,22.0,26.0,1016.0,5.84,0.15,,Trang chủ Thời tiết các Tỉnh/TP Đông Bắc Bộ
Hà Nội,ha-noi,2026-03-22,thoitiet360,2026-03-22 11:12:57,27.0,21.0,28.0,1014.0,6.11,0.1,,Trang chủ Thời tiết các Tỉnh/TP Đông Bắc Bộ
Hà Nội,ha-noi,2026-03-23,thoitiet360,2026-03-23 11:22:40,26.0,22.0,29.0,1013.0,5.84,0.1,,Trang chủ Thời tiết các Tỉnh/TP Đông Bắc Bộ
Hà Nội,ha-noi,2026-03-24,thoitiet360,2026-03-24 11:11:40,26.0,23.0,30.0,1012.0,5.19,0.1,,Trang chủ Thời tiết các Tỉnh/TP Đông Bắc Bộ
Hà Nội,ha-noi,2026-03-25,thoitiet360,2026-03-25 11:13:08,27.0,22.0,32.0,1013.0,6.93,0.0,,Trang chủ Thời tiết các Tỉnh/TP Đông Bắc Bộ
Hà Nội,ha-noi,2026-03-26,thoitiet360,2026-03-26 11:27:47,28.0,22.0,32.0,1011.0,6.52,0.0,,Trang chủ Thời tiết các Tỉnh/TP Đông Bắc Bộ
Hà Nội,ha-noi,2026-03-27,thoitiet360,2026-03-27 11:28:36,27.0,23.0,29.0,1010.0,7.74,0.56,,Trang chủ Thời tiết các Tỉnh/TP Đông Bắc Bộ
Hà Nội,ha-noi,2026-03-28,thoitiet360,2026-03-28 11:12:53,27.0,23.0,27.0,1011.0,5.18,0.17,,Trang chủ Thời tiết các Tỉnh/TP Đông Bắc Bộ
Hà Nội,ha-noi,2026-03-29,thoitiet360,2026-03-29 11:31:52,26.0,23.0,27.0,1010.0,6.88,31.51,,Trang chủ Thời tiết các Tỉnh/TP Đông Bắc Bộ
Hà Nội,ha-noi,2026-03-30,thoitiet360,2026-03-30 11:39:52,28.0,24.0,39.0,1008.0,8.32,0.0,,Trang chủ Thời tiết các Tỉnh/TP Đông Bắc Bộ
Hà Nội,ha-noi,2026-03-31,thoitiet360,2026-03-31 11:31:11,29.0,23.0,37.0,1008.0,7.84,0.0,,Trang chủ Thời tiết các Tỉnh/TP Đông Bắc Bộ
Hà Nội,ha-noi,2026-04-01,thoitiet360,2026-04-01 11:43:44,26.0,23.0,27.0,1014.0,6.74,0.37,,Trang chủ Thời tiết các Tỉnh/TP Đông Bắc Bộ
Hà Nội,ha-noi,2026-04-02,thoitiet360,2026-04-02 11:23:43,26.0,23.0,31.0,1012.0,7.57,0.0,,Trang chủ Thời tiết các Tỉnh/TP Đông Bắc Bộ
Hà Nội,ha-noi,2026-04-03,thoitiet360,2026-04-03 11:24:25,27.0,24.0,32.0,1007.0,6.39,0.0,,Trang chủ Thời tiết các Tỉnh/TP Đông Bắc Bộ
Hà Nội,ha-noi,2026-04-04,thoitiet360,2026-04-04 11:10:52,28.0,24.0,29.0,1008.0,5.12,0.61,,Trang chủ Thời tiết các Tỉnh/TP Đông Bắc Bộ
Hà Nội,ha-noi,2026-04-05,thoitiet360,2026-04-05 11:32:15,26.0,24.0,37.0,1004.0,7.38,0.0,,Trang chủ Thời tiết các Tỉnh/TP Đông Bắc Bộ
Hà Nội,ha-noi,2026-04-06,thoitiet360,2026-04-06 11:39:25,29.0,24.0,34.0,1004.0,6.62,0.0,,Trang chủ Thời tiết các Tỉnh/TP Đông Bắc Bộ
Hà Nội,ha-noi,2026-04-07,thoitiet360,2026-04-07 11:28:08,30.0,25.0,32.0,1006.0,7.7,0.0,,Trang chủ Thời tiết các Tỉnh/TP Đông Bắc Bộ
Hà Nội,ha-noi,2026-04-08,thoitiet360,2026-04-08 11:31:22,31.0,25.0,34.0,1007.0,7.7,0.0,,Trang chủ Thời tiết các Tỉnh/TP Đông Bắc Bộ
Hà Nội,ha-noi,2026-04-09,thoitiet360,2026-04-09 11:28:00,30.0,26.0,33.0,1008.0,8.26,0.0,,Trang chủ Thời tiết các Tỉnh/TP Đông Bắc Bộ
Hà Nội,ha-noi,2026-04-10,thoitiet360,2026-04-10 11:41:40,30.0,24.0,34.0,1007.0,8.89,0.0,,Trang chủ Thời tiết các Tỉnh/TP Đông Bắc Bộ
Hà Nội,ha-noi,2026-04-11,thoitiet360,2026-04-11 11:14:38,29.0,25.0,36.0,1006.0,8.74,0.0,,Trang chủ Thời tiết các Tỉnh/TP Đông Bắc Bộ
Hà Nội,ha-noi,2026-04-12,thoitiet360,2026-04-12 11:42:26,32.0,25.0,34.0,1003.0,9.36,0.0,,Trang chủ Thời tiết các Tỉnh/TP Đông Bắc Bộ
Hà Nội,ha-noi,2026-04-13,thoitiet360,2026-04-13 11:53:58,30.0,26.0,32.0,1006.0,9.06,0.0,,Trang chủ Thời tiết các Tỉnh/TP Đông Bắc Bộ
Hà Nội,ha-noi,2026-04-14,thoitiet360,2026-04-14 11:40:48,30.0,26.0,32.0,1008.0,8.2,0.0,,Trang chủ Thời tiết các Tỉnh/TP Đông Bắc Bộ
Hà Nội,ha-noi,2026-04-15,thoitiet360,2026-04-15 11:40:50,29.0,25.0,32.0,1008.0,8.57,0.0,,Trang chủ Thời tiết các Tỉnh/TP Đông Bắc Bộ
Hà Nội,ha-noi,2026-04-16,thoitiet360,2026-04-16 11:47:16,29.0,25.0,30.0,1009.0,6.78,0.0,,Trang chủ Thời tiết các Tỉnh/TP Đông Bắc Bộ
Hà Nội,ha-noi,2026-04-17,thoitiet360,2026-04-17 11:44:27,25.0,25.0,29.0,1012.0,5.71,2.78,,Trang chủ Thời tiết các Tỉnh/TP Đông Bắc Bộ
Hà Nội,ha-noi,2026-04-18,thoitiet360,2026-04-18 11:26:35,26.0,24.0,32.0,1013.0,7.51,1.88,,Trang chủ Thời tiết các Tỉnh/TP Đông Bắc Bộ
Hà Nội,ha-noi,2026-04-19,thoitiet360,2026-04-19 11:47:00,26.0,24.0,28.0,1011.0,7.31,3.1,,Trang chủ Thời tiết các Tỉnh/TP Đông Bắc Bộ
Hà Nội,ha-noi,2026-04-20,thoitiet360,2026-04-20 11:53:41,28.0,23.0,29.0,1010.0,8.11,1.24,,Trang chủ Thời tiết các Tỉnh/TP Đông Bắc Bộ
Hà Nội,ha-noi,2026-04-21,thoitiet360,2026-04-21 11:44:18,28.0,23.0,30.0,1007.0,6.49,0.77,,Trang chủ Thời tiết các Tỉnh/TP Đông Bắc Bộ
Hà Nội,ha-noi,2026-04-22,thoitiet360,2026-04-22 11:41:49,29.0,23.0,32.0,1006.0,6.21,0.0,,Trang chủ Thời tiết các Tỉnh/TP Đông Bắc Bộ
Hà Nội,ha-noi,2026-04-23,thoitiet360,2026-04-23 11:46:34,25.0,22.0,26.0,1009.0,7.47,4.24,,Trang chủ Thời tiết các Tỉnh/TP Đông Bắc Bộ
Hà Nội,ha-noi,2026-04-24,thoitiet360,2026-04-24 11:50:22,27.0,22.0,28.0,1013.0,3.83,4.94,,Trang chủ Thời tiết các Tỉnh/TP Đông Bắc Bộ
Hà Nội,ha-noi,2026-04-25,thoitiet360,2026-04-25 11:31:22,28.0,23.0,34.0,1015.0,5.57,0.0,,Trang chủ Thời tiết các Tỉnh/TP Đông Bắc Bộ
Hà Nội,ha-noi,2026-04-26,thoitiet360,2026-04-26 11:54:30,28.0,22.0,28.0,1013.0,4.45,5.71,,Trang chủ Thời tiết các Tỉnh/TP Đông Bắc Bộ
Hồ Chí Minh,ho-chi-minh,2026-01-06,thoitiet360,2026-01-06 23:56:19,32.0,24.0,33.0,1013.0,4.66,2.51,,Trang chủ Thời tiết các Tỉnh/TP Đông Bắc Bộ
Hồ Chí Minh,ho-chi-minh,2026-01-07,thoitiet360,2026-01-07 11:15:51,27.0,22.0,31.0,1015.0,4.99,0.0,,Trang chủ Thời tiết các Tỉnh/TP Đông Bắc Bộ
Hồ Chí Minh,ho-chi-minh,2026-01-08,thoitiet360,2026-01-08 10:24:36,26.0,21.0,31.0,1017.0,5.35,0.0,,Trang chủ Thời tiết các Tỉnh/TP Đông Bắc Bộ
Hồ Chí Minh,ho-chi-minh,2026-01-09,thoitiet360,2026-01-09 10:25:13,25.0,19.0,29.0,1016.0,5.04,0.0,,Trang chủ Thời tiết các Tỉnh/TP Đông Bắc Bộ
Hồ Chí Minh,ho-chi-minh,2026-01-10,thoitiet360,2026-01-10 10:19:24,26.0,20.0,30.0,1015.0,3.03,0.0,,Trang chủ Thời tiết các Tỉnh/TP Đông Bắc Bộ
Hồ Chí Minh,ho-chi-minh,2026-01-11,thoitiet360,2026-01-11 10:44:34,28.0,22.0,29.0,1016.0,3.55,0.0,,Trang chủ Thời tiết các Tỉnh/TP Đông Bắc Bộ
Hồ Chí Minh,ho-chi-minh,2026-01-12,thoitiet360,2026-01-12 10:43:59,29.0,25.0,30.0,1016.0,4.54,0.0,,Trang chủ Thời tiết các Tỉnh/TP Đông Bắc Bộ
Hồ Chí Minh,ho-chi-minh,2026-01-13,thoitiet360,2026-01-13 10:23:07,27.0,24.0,30.0,1015.0,5.3,0.0,,Trang chủ Thời tiết các Tỉnh/TP Đông Bắc Bộ
Hồ Chí Minh,ho-chi-minh,2026-01-14,thoitiet360,2026-01-14 10:42:01,28.0,23.0,30.0,1014.0,4.8,0.0,,Trang chủ Thời tiết các Tỉnh/TP Đông Bắc Bộ
Hồ Chí Minh,ho-chi-minh,2026-01-15,thoitiet360,2026-01-15 10:25:33,29.0,24.0,34.0,1013.0,6.16,0.0,,Trang chủ Thời tiết các Tỉnh/TP Đông Bắc Bộ
Hồ Chí Minh,ho-chi-minh,2026-01-16,thoitiet360,2026-01-16 10:24:49,29.0,24.0,31.0,1013.0,5.75,0.0,,Trang chủ Thời tiết các Tỉnh/TP Đông Bắc Bộ
Hồ Chí Minh,ho-chi-minh,2026-01-17,thoitiet360,2026-01-17 10:17:57,28.0,23.0,31.0,1011.0,5.9,0.0,,Trang chủ Thời tiết các Tỉnh/TP Đông Bắc Bộ
Hồ Chí Minh,ho-chi-minh,2026-01-18,thoitiet360,2026-01-18 10:40:34,28.0,22.0,30.0,1010.0,6.15,0.0,,Trang chủ Thời tiết các Tỉnh/TP Đông Bắc Bộ
Hồ Chí Minh,ho-chi-minh,2026-01-19,thoitiet360,2026-01-19 10:44:48,28.0,23.0,30.0,1011.0,5.99,0.0,,Trang chủ Thời tiết các Tỉnh/TP Đông Bắc Bộ
Hồ Chí Minh,ho-chi-minh,2026-01-20,thoitiet360,2026-01-20 10:28:38,27.0,22.0,30.0,1012.0,6.28,0.0,,Trang chủ Thời tiết các Tỉnh/TP Đông Bắc Bộ
Hồ Chí Minh,ho-chi-minh,2026-01-21,thoitiet360,2026-01-21 10:28:06,28.0,23.0,32.0,1013.0,6.07,0.0,,Trang chủ Thời tiết các Tỉnh/TP Đông Bắc Bộ
Hồ Chí Minh,ho-chi-minh,2026-01-22,thoitiet360,2026-01-22 10:42:08,28.0,21.0,32.0,1015.0,4.88,0.0,,Trang chủ Thời tiết các Tỉnh/TP Đông Bắc Bộ
Hồ Chí Minh,ho-chi-minh,2026-01-23,thoitiet360,2026-01-23 10:27:45,29.0,23.0,31.0,1016.0,5.29,0.0,,Trang chủ Thời tiết các Tỉnh/TP Đông Bắc Bộ
Hồ Chí Minh,ho-chi-minh,2026-01-24,thoitiet360,2026-01-24 10:22:00,29.0,22.0,33.0,1016.0,5.32,0.0,,Trang chủ Thời tiết các Tỉnh/TP Đông Bắc Bộ
Hồ Chí Minh,ho-chi-minh,2026-01-25,thoitiet360,2026-01-25 10:48:17,27.0,22.0,32.0,1015.0,5.5,0.0,,Trang chủ Thời tiết các Tỉnh/TP Đông Bắc Bộ
Hồ Chí Minh,ho-chi-minh,2026-01-26,thoitiet360,2026-01-26 10:51:24,28.0,22.0,29.0,1016.0,6.12,0.0,,Trang chủ Thời tiết các Tỉnh/TP Đông Bắc Bộ
Hồ Chí Minh,ho-chi-minh,2026-01-27,thoitiet360,2026-01-27 10:42:17,28.0,23.0,32.0,1016.0,5.23,0.0,,Trang chủ Thời tiết các Tỉnh/TP Đông Bắc Bộ
Hồ Chí Minh,ho-chi-minh,2026-01-28,thoitiet360,2026-01-28 10:30:14,29.0,24.0,32.0,1015.0,6.3,0.0,,Trang chủ Thời tiết các Tỉnh/TP Đông Bắc Bộ
Hồ Chí Minh,ho-chi-minh,2026-01-29,thoitiet360,2026-01-29 11:02:22,29.0,23.0,33.0,1015.0,5.3,0.0,,Trang chủ Thời tiết các Tỉnh/TP Đông Bắc Bộ
Hồ Chí Minh,ho-chi-minh,2026-01-30,thoitiet360,2026-01-30 11:03:15,29.0,23.0,30.0,1015.0,5.71,0.0,,Trang chủ Thời tiết các Tỉnh/TP Đông Bắc Bộ
Hồ Chí Minh,ho-chi-minh,2026-01-31,thoitiet360,2026-01-31 10:59:52,30.0,24.0,33.0,1015.0,6.78,0.0,,Trang chủ Thời tiết các Tỉnh/TP Đông Bắc Bộ
Hồ Chí Minh,ho-chi-minh,2026-02-01,thoitiet360,2026-02-01 11:24:19,29.0,23.0,30.0,1016.0,6.0,0.0,,Trang chủ Thời tiết các Tỉnh/TP Đông Bắc Bộ
Hồ Chí Minh,ho-chi-minh,2026-02-02,thoitiet360,2026-02-02 11:17:03,29.0,23.0,33.0,1015.0,6.89,0.0,,Trang chủ Thời tiết các Tỉnh/TP Đông Bắc Bộ
Hồ Chí Minh,ho-chi-minh,2026-02-03,thoitiet360,2026-02-03 11:09:04,30.0,23.0,32.0,1016.0,3.94,0.0,,Trang chủ Thời tiết các Tỉnh/TP Đông Bắc Bộ
Hồ Chí Minh,ho-chi-minh,2026-02-04,thoitiet360,2026-02-04 11:06:19,31.0,25.0,34.0,1014.0,5.71,0.0,,Trang chủ Thời tiết các Tỉnh/TP Đông Bắc Bộ
Hồ Chí Minh,ho-chi-minh,2026-02-05,thoitiet360,2026-02-05 11:08:03,29.0,25.0,31.0,1014.0,5.66,0.0,,Trang chủ Thời tiết các Tỉnh/TP Đông Bắc Bộ
Hồ Chí Minh,ho-chi-minh,2026-02-06,thoitiet360,2026-02-06 11:08:48,30.0,23.0,31.0,1014.0,5.92,0.0,,Trang chủ Thời tiết các Tỉnh/TP Đông Bắc Bộ
Hồ Chí Minh,ho-chi-minh,2026-02-07,thoitiet360,2026-02-07 11:02:44,28.0,24.0,34.0,1013.0,7.41,0.0,,Trang chủ Thời tiết các Tỉnh/TP Đông Bắc Bộ
Hồ Chí Minh,ho-chi-minh,2026-02-08,thoitiet360,2026-02-08 11:29:10,29.0,25.0,32.0,1014.0,7.19,0.0,,Trang chủ Thời tiết các Tỉnh/TP Đông Bắc Bộ
Hồ Chí Minh,ho-chi-minh,2026-02-09,thoitiet360,2026-02-09 11:20:25,30.0,23.0,35.0,1013.0,6.0,0.0,,Trang chủ Thời tiết các Tỉnh/TP Đông Bắc Bộ
Hồ Chí Minh,ho-chi-minh,2026-02-10,thoitiet360,2026-02-10 11:27:21,30.0,24.0,32.0,1013.0,5.38,0.0,,Trang chủ Thời tiết các Tỉnh/TP Đông Bắc Bộ
Hồ Chí Minh,ho-chi-minh,2026-02-11,thoitiet360,2026-02-11 11:25:01,26.0,26.0,31.0,1015.0,3.7,0.0,,Trang chủ Thời tiết các Tỉnh/TP Đông Bắc Bộ
Hồ Chí Minh,ho-chi-minh,2026-02-12,thoitiet360,2026-02-12 11:17:17,29.0,24.0,33.0,1014.0,5.59,2.76,,Trang chủ Thời tiết các Tỉnh/TP Đông Bắc Bộ
Hồ Chí Minh,ho-chi-minh,2026-02-13,thoitiet360,2026-02-13 11:14:05,30.0,24.0,35.0,1012.0,6.2,2.73,,Trang chủ Thời tiết các Tỉnh/TP Đông Bắc Bộ
Hồ Chí Minh,ho-chi-minh,2026-02-14,thoitiet360,2026-02-14 11:04:00,30.0,24.0,34.0,1011.0,5.76,1.74,,Trang chủ Thời tiết các Tỉnh/TP Đông Bắc Bộ
Hồ Chí Minh,ho-chi-minh,2026-02-15,thoitiet360,2026-02-15 11:15:07,28.0,24.0,38.0,1011.0,5.52,0.0,,Trang chủ Thời tiết các Tỉnh/TP Đông Bắc Bộ
Hồ Chí Minh,ho-chi-minh,2026-02-16,thoitiet360,2026-02-16 11:17:37,34.0,25.0,36.0,1010.0,7.01,0.0,,Trang chủ Thời tiết các Tỉnh/TP Đông Bắc Bộ
Hồ Chí Minh,ho-chi-minh,2026-02-17,thoitiet360,2026-02-17 11:12:44,32.0,25.0,35.0,1011.0,7.71,0.0,,Trang chủ Thời tiết các Tỉnh/TP Đông Bắc Bộ
Hồ Chí Minh,ho-chi-minh,2026-02-18,thoitiet360,2026-02-18 11:14:31,32.0,26.0,35.0,1012.0,6.01,0.0,,Trang chủ Thời tiết các Tỉnh/TP Đông Bắc Bộ
Hồ Chí Minh,ho-chi-minh,2026-02-19,thoitiet360,2026-02-19 11:13:55,31.0,24.0,35.0,1014.0,6.42,0.0,,Trang chủ Thời tiết các Tỉnh/TP Đông Bắc Bộ
Hồ Chí Minh,ho-chi-minh,2026-02-20,thoitiet360,2026-02-20 11:08:32,31.0,25.0,35.0,1014.0,5.85,0.0,,Trang chủ Thời tiết các Tỉnh/TP Đông Bắc Bộ
Hồ Chí Minh,ho-chi-minh,2026-02-21,thoitiet360,2026-02-21 11:00:22,30.0,24.0,33.0,1011.0,5.93,0.0,,Trang chủ Thời tiết các Tỉnh/TP Đông Bắc Bộ
Hồ Chí Minh,ho-chi-minh,2026-02-22,thoitiet360,2026-02-22 11:10:21,31.0,24.0,33.0,1009.0,7.32,0.0,,Trang chủ Thời tiết các Tỉnh/TP Đông Bắc Bộ
Hồ Chí Minh,ho-chi-minh,2026-02-23,thoitiet360,2026-02-23 11:16:32,31.0,25.0,31.0,1010.0,6.78,0.0,,Trang chủ Thời tiết các Tỉnh/TP Đông Bắc Bộ
Hồ Chí Minh,ho-chi-minh,2026-02-24,thoitiet360,2026-02-24 11:11:48,30.0,25.0,36.0,1011.0,7.06,0.0,,Trang chủ Thời tiết các Tỉnh/TP Đông Bắc Bộ
Hồ Chí Minh,ho-chi-minh,2026-02-25,thoitiet360,2026-02-25 11:13:31,31.0,25.0,33.0,1010.0,8.65,0.0,,Trang chủ Thời tiết các Tỉnh/TP Đông Bắc Bộ
Hồ Chí Minh,ho-chi-minh,2026-02-26,thoitiet360,2026-02-26 11:10:03,26.0,25.0,29.0,1010.0,4.01,1.61,,Trang chủ Thời tiết các Tỉnh/TP Đông Bắc Bộ
Hồ Chí Minh,ho-chi-minh,2026-02-27,thoitiet360,2026-02-27 11:06:45,29.0,24.0,32.0,1009.0,5.93,0.62,,Trang chủ Thời tiết các Tỉnh/TP Đông Bắc Bộ
Hồ Chí Minh,ho-chi-minh,2026-02-28,thoitiet360,2026-02-28 10:48:30,31.0,24.0,32.0,1009.0,6.14,0.6,,Trang chủ Thời tiết các Tỉnh/TP Đông Bắc Bộ
Hồ Chí Minh,ho-chi-minh,2026-03-01,thoitiet360,2026-03-01 11:15:49,30.0,25.0,35.0,1009.0,5.85,0.0,,Trang chủ Thời tiết các Tỉnh/TP Đông Bắc Bộ
Hồ Chí Minh,ho-chi-minh,2026-03-02,thoitiet360,2026-03-02 11:07:21,31.0,26.0,32.0,1010.0,5.9,0.0,,Trang chủ Thời tiết các Tỉnh/TP Đông Bắc Bộ
Hồ Chí Minh,ho-chi-minh,2026-03-03,thoitiet360,2026-03-03 11:08:13,31.0,26.0,35.0,1011.0,6.23,0.0,,Trang chủ Thời tiết các Tỉnh/TP Đông Bắc Bộ
Hồ Chí Minh,ho-chi-minh,2026-03-04,thoitiet360,2026-03-04 11:02:46,31.0,27.0,32.0,1011.0,5.72,0.76,,Trang chủ Thời tiết các Tỉnh/TP Đông Bắc Bộ
Hồ Chí Minh,ho-chi-minh,2026-03-05,thoitiet360,2026-03-05 11:06:09,31.0,25.0,34.0,1011.0,5.54,4.83,,Trang chủ Thời tiết các Tỉnh/TP Đông Bắc Bộ
Hồ Chí Minh,ho-chi-minh,2026-03-06,thoitiet360,2026-03-06 11:03:33,29.0,25.0,32.0,1012.0,4.27,4.93,,Trang chủ Thời tiết các Tỉnh/TP Đông Bắc Bộ
Hồ Chí Minh,ho-chi-minh,2026-03-07,thoitiet360,2026-03-07 10:54:09,32.0,24.0,33.0,1012.0,6.05,1.59,,Trang chủ Thời tiết các Tỉnh/TP Đông Bắc Bộ
Hồ Chí Minh,ho-chi-minh,2026-03-08,thoitiet360,2026-03-08 11:04:49,29.0,23.0,31.0,1012.0,6.36,0.0,,Trang chủ Thời tiết các Tỉnh/TP Đông Bắc Bộ
Hồ Chí Minh,ho-chi-minh,2026-03-09,thoitiet360,2026-03-09 11:10:31,31.0,25.0,32.0,1013.0,6.02,0.0,,Trang chủ Thời tiết các Tỉnh/TP Đông Bắc Bộ
Hồ Chí Minh,ho-chi-minh,2026-03-10,thoitiet360,2026-03-10 11:02:42,31.0,24.0,34.0,1014.0,6.26,0.27,,Trang chủ Thời tiết các Tỉnh/TP Đông Bắc Bộ
Hồ Chí Minh,ho-chi-minh,2026-03-11,thoitiet360,2026-03-11 11:03:38,31.0,26.0,35.0,1013.0,5.92,0.0,,Trang chủ Thời tiết các Tỉnh/TP Đông Bắc Bộ
Hồ Chí Minh,ho-chi-minh,2026-03-12,thoitiet360,2026-03-12 11:08:03,32.0,25.0,34.0,1011.0,7.26,0.1,,Trang chủ Thời tiết các Tỉnh/TP Đông Bắc Bộ
Hồ Chí Minh,ho-chi-minh,2026-03-13,thoitiet360,2026-03-13 11:06:01,30.0,25.0,32.0,1012.0,6.59,0.0,,Trang chủ Thời tiết các Tỉnh/TP Đông Bắc Bộ
Hồ Chí Minh,ho-chi-minh,2026-03-14,thoitiet360,2026-03-14 11:04:53,30.0,24.0,32.0,1014.0,6.63,0.44,,Trang chủ Thời tiết các Tỉnh/TP Đông Bắc Bộ
Hồ Chí Minh,ho-chi-minh,2026-03-15,thoitiet360,2026-03-15 11:27:20,32.0,25.0,32.0,1013.0,6.49,0.0,,Trang chủ Thời tiết các Tỉnh/TP Đông Bắc Bộ
Hồ Chí Minh,ho-chi-minh,2026-03-16,thoitiet360,2026-03-16 11:34:38,31.0,24.0,33.0,1012.0,7.38,0.0,,Trang chủ Thời tiết các Tỉnh/TP Đông Bắc Bộ
Hồ Chí Minh,ho-chi-minh,2026-03-17,thoitiet360,2026-03-17 11:12:34,30.0,24.0,32.0,1013.0,8.17,0.0,,Trang chủ Thời tiết các Tỉnh/TP Đông Bắc Bộ
Hồ Chí Minh,ho-chi-minh,2026-03-18,thoitiet360,2026-03-18 11:17:33,31.0,25.0,32.0,1013.0,8.07,0.12,,Trang chủ Thời tiết các Tỉnh/TP Đông Bắc Bộ
Hồ Chí Minh,ho-chi-minh,2026-03-19,thoitiet360,2026-03-19 11:16:07,30.0,24.0,32.0,1013.0,7.57,0.0,,Trang chủ Thời tiết các Tỉnh/TP Đông Bắc Bộ
Hồ Chí Minh,ho-chi-minh,2026-03-20,thoitiet360,2026-03-20 11:07:52,29.0,25.0,31.0,1013.0,7.48,0.0,,Trang chủ Thời tiết các Tỉnh/TP Đông Bắc Bộ
Hồ Chí Minh,ho-chi-minh,2026-03-21,thoitiet360,2026-03-21 10:59:03,30.0,25.0,32.0,1012.0,7.22,0.0,,Trang chủ Thời tiết các Tỉnh/TP Đông Bắc Bộ
Hồ Chí Minh,ho-chi-minh,2026-03-22,thoitiet360,2026-03-22 11:13:05,31.0,25.0,34.0,1012.0,8.17,0.75,,Trang chủ Thời tiết các Tỉnh/TP Đông Bắc Bộ
Hồ Chí Minh,ho-chi-minh,2026-03-23,thoitiet360,2026-03-23 11:22:47,32.0,25.0,34.0,1012.0,8.07,0.0,,Trang chủ Thời tiết các Tỉnh/TP Đông Bắc Bộ
Hồ Chí Minh,ho-chi-minh,2026-03-24,thoitiet360,2026-03-24 11:11:47,31.0,26.0,33.0,1011.0,7.79,0.37,,Trang chủ Thời tiết các Tỉnh/TP Đông Bắc Bộ
Hồ Chí Minh,ho-chi-minh,2026-03-25,thoitiet360,2026-03-25 11:13:15,31.0,25.0,33.0,1011.0,7.74,0.0,,Trang chủ Thời tiết các Tỉnh/TP Đông Bắc Bộ
Hồ Chí Minh,ho-chi-minh,2026-03-26,thoitiet360,2026-03-26 11:27:54,31.0,26.0,33.0,1011.0,7.89,0.0,,Trang chủ Thời tiết các Tỉnh/TP Đông Bắc Bộ
Hồ Chí Minh,ho-chi-minh,2026-03-27,thoitiet360,2026-03-27 11:28:44,31.0,25.0,32.0,1011.0,6.83,0.85,,Trang chủ Thời tiết các Tỉnh/TP Đông Bắc Bộ
Hồ Chí Minh,ho-chi-minh,2026-03-28,thoitiet360,2026-03-28 11:13:01,31.0,25.0,32.0,1010.0,7.72,0.0,,Trang chủ Thời tiết các Tỉnh/TP Đông Bắc Bộ
Hồ Chí Minh,ho-chi-minh,2026-03-29,thoitiet360,2026-03-29 11:32:00,33.0,26.0,33.0,1011.0,7.16,0.0,,Trang chủ Thời tiết các Tỉnh/TP Đông Bắc Bộ
Hồ Chí Minh,ho-chi-minh,2026-03-30,thoitiet360,2026-03-30 11:40:02,33.0,25.0,34.0,1010.0,7.83,0.0,,Trang chủ Thời tiết các Tỉnh/TP Đông Bắc Bộ
Hồ Chí Minh,ho-chi-minh,2026-03-31,thoitiet360,2026-03-31 11:31:19,31.0,26.0,33.0,1012.0,7.17,0.71,,Trang chủ Thời tiết các Tỉnh/TP Đông Bắc Bộ
Hồ Chí Minh,ho-chi-minh,2026-04-01,thoitiet360,2026-04-01 11:43:52,32.0,26.0,33.0,1012.0,7.62,0.12,,Trang chủ Thời tiết các Tỉnh/TP Đông Bắc Bộ
Hồ Chí Minh,ho-chi-minh,2026-04-02,thoitiet360,2026-04-02 11:23:50,31.0,26.0,33.0,1012.0,8.02,0.0,,Trang chủ Thời tiết các Tỉnh/TP Đông Bắc Bộ
Hồ Chí Minh,ho-chi-minh,2026-04-03,thoitiet360,2026-04-03 11:24:33,32.0,26.0,33.0,1011.0,7.64,0.47,,Trang chủ Thời tiết các Tỉnh/TP Đông Bắc Bộ
Hồ Chí Minh,ho-chi-minh,2026-04-04,thoitiet360,2026-04-04 11:10:59,30.0,25.0,35.0,1010.0,6.73,0.0,,Trang chủ Thời tiết các Tỉnh/TP Đông Bắc Bộ
Hồ Chí Minh,ho-chi-minh,2026-04-05,thoitiet360,2026-04-05 11:32:23,33.0,27.0,35.0,1009.0,7.59,0.0,,Trang chủ Thời tiết các Tỉnh/TP Đông Bắc Bộ
Hồ Chí Minh,ho-chi-minh,2026-04-06,thoitiet360,2026-04-06 11:39:32,32.0,27.0,34.0,1010.0,7.1,0.0,,Trang chủ Thời tiết các Tỉnh/TP Đông Bắc Bộ
Hồ Chí Minh,ho-chi-minh,2026-04-07,thoitiet360,2026-04-07 11:28:15,32.0,27.0,36.0,1012.0,6.82,0.1,,Trang chủ Thời tiết các Tỉnh/TP Đông Bắc Bộ
Hồ Chí Minh,ho-chi-minh,2026-04-08,thoitiet360,2026-04-08 11:31:30,33.0,28.0,36.0,1012.0,7.85,0.54,,Trang chủ Thời tiết các Tỉnh/TP Đông Bắc Bộ
Hồ Chí Minh,ho-chi-minh,2026-04-09,thoitiet360,2026-04-09 11:28:09,32.0,28.0,34.0,1012.0,6.55,0.0,,Trang chủ Thời tiết các Tỉnh/TP Đông Bắc Bộ
Hồ Chí Minh,ho-chi-minh,2026-04-10,thoitiet360,2026-04-10 11:41:47,32.0,26.0,34.0,1012.0,6.73,0.0,,Trang chủ Thời tiết các Tỉnh/TP Đông Bắc Bộ
Hồ Chí Minh,ho-chi-minh,2026-04-11,thoitiet360,2026-04-11 11:14:46,32.0,27.0,34.0,1011.0,7.5,0.15,,Trang chủ Thời tiết các Tỉnh/TP Đông Bắc Bộ
Hồ Chí Minh,ho-chi-minh,2026-04-12,thoitiet360,2026-04-12 11:42:34,33.0,27.0,34.0,1010.0,7.61,0.0,,Trang chủ Thời tiết các Tỉnh/TP Đông Bắc Bộ
Hồ Chí Minh,ho-chi-minh,2026-04-13,thoitiet360,2026-04-13 11:54:09,32.0,27.0,34.0,1011.0,7.38,0.0,,Trang chủ Thời tiết các Tỉnh/TP Đông Bắc Bộ
Hồ Chí Minh,ho-chi-minh,2026-04-14,thoitiet360,2026-04-14 11:40:56,33.0,28.0,34.0,1010.0,6.82,0.0,,Trang chủ Thời tiết các Tỉnh/TP Đông Bắc Bộ
Hồ Chí Minh,ho-chi-minh,2026-04-15,thoitiet360,2026-04-15 11:40:59,32.0,28.0,34.0,1010.0,7.21,0.0,,Trang chủ Thời tiết các Tỉnh/TP Đông Bắc Bộ
Hồ Chí Minh,ho-chi-minh,2026-04-16,thoitiet360,2026-04-16 11:47:23,33.0,27.0,34.0,1010.0,7.6,0.0,,Trang chủ Thời tiết các Tỉnh/TP Đông Bắc Bộ
Hồ Chí Minh,ho-chi-minh,2026-04-17,thoitiet360,2026-04-17 11:44:35,33.0,28.0,34.0,1010.0,7.54,1.32,,Trang chủ Thời tiết các Tỉnh/TP Đông Bắc Bộ
Hồ Chí Minh,ho-chi-minh,2026-04-18,thoitiet360,2026-04-18 11:26:43,33.0,27.0,34.0,1010.0,8.25,0.0,,Trang chủ Thời tiết các Tỉnh/TP Đông Bắc Bộ
Hồ Chí Minh,ho-chi-minh,2026-04-19,thoitiet360,2026-04-19 11:47:08,33.0,28.0,33.0,1010.0,6.62,0.52,,Trang chủ Thời tiết các Tỉnh/TP Đông Bắc Bộ
Hồ Chí Minh,ho-chi-minh,2026-04-20,thoitiet360,2026-04-20 11:53:49,31.0,26.0,34.0,1011.0,8.22,0.0,,Trang chủ Thời tiết các Tỉnh/TP Đông Bắc Bộ
Hồ Chí Minh,ho-chi-minh,2026-04-21,thoitiet360,2026-04-21 11:44:25,31.0,26.0,34.0,1010.0,8.0,0.0,,Trang chủ Thời tiết các Tỉnh/TP Đông Bắc Bộ
Hồ Chí Minh,ho-chi-minh,2026-04-22,thoitiet360,2026-04-22 11:41:56,31.0,27.0,34.0,1010.0,7.84,0.0,,Trang chủ Thời tiết các Tỉnh/TP Đông Bắc Bộ
Hồ Chí Minh,ho-chi-minh,2026-04-23,thoitiet360,2026-04-23 11:46:42,32.0,27.0,33.0,1008.0,6.78,0.0,,Trang chủ Thời tiết các Tỉnh/TP Đông Bắc Bộ
Hồ Chí Minh,ho-chi-minh,2026-04-24,thoitiet360,2026-04-24 11:50:30,33.0,27.0,34.0,1009.0,7.77,0.0,,Trang chủ Thời tiết các Tỉnh/TP Đông Bắc Bộ
Hồ Chí Minh,ho-chi-minh,2026-04-25,thoitiet360,2026-04-25 11:31:29,33.0,28.0,33.0,1011.0,7.53,2.76,,Trang chủ Thời tiết các Tỉnh/TP Đông Bắc Bộ
Hồ Chí Minh,ho-chi-minh,2026-04-26,thoitiet360,2026-04-26 11:54:38,34.0,27.0,36.0,1009.0,6.88,0.0,,Trang chủ Thời tiết các Tỉnh/TP Đông Bắc Bộ
Vinh,vinh,2026-01-06,thoitiet360,2026-01-06 23:56:14,17.0,15.0,18.4,1024.0,6.04,1.67,,Trang chủ Thời tiết các Tỉnh/TP Đông Bắc Bộ
Vinh,vinh,2026-01-07,thoitiet360,2026-01-07 11:15:48,15.0,13.4,16.8,1027.0,3.64,0.0,,Trang chủ Thời tiết các Tỉnh/TP Đông Bắc Bộ
Vinh,vinh,2026-01-08,thoitiet360,2026-01-08 10:24:32,17.0,12.3,18.4,1028.0,4.71,0.0,,Trang chủ Thời tiết các Tỉnh/TP Đông Bắc Bộ
Vinh,vinh,2026-01-09,thoitiet360,2026-01-09 10:25:09,19.0,12.1,21.0,1023.0,3.82,0.0,,Trang chủ Thời tiết các Tỉnh/TP Đông Bắc Bộ
Vinh,vinh,2026-01-10,thoitiet360,2026-01-10 10:19:20,19.0,13.0,21.3,1020.0,4.21,0.0,,Trang chủ Thời tiết các Tỉnh/TP Đông Bắc Bộ
Vinh,vinh,2026-01-11,thoitiet360,2026-01-11 10:44:31,20.0,14.0,21.3,1025.0,3.61,0.0,,Trang chủ Thời tiết các Tỉnh/TP Đông Bắc Bộ
Vinh,vinh,2026-01-12,thoitiet360,2026-01-12 10:43:55,20.0,13.5,22.3,1021.0,4.16,0.0,,Trang chủ Thời tiết các Tỉnh/TP Đông Bắc Bộ
Vinh,vinh,2026-01-13,thoitiet360,2026-01-13 10:23:03,21.0,15.5,22.5,1021.0,3.69,0.0,,Trang chủ Thời tiết các Tỉnh/TP Đông Bắc Bộ
Vinh,vinh,2026-01-14,thoitiet360,2026-01-14 10:41:57,21.0,15.5,23.3,1016.0,4.51,0.0,,Trang chủ Thời tiết các Tỉnh/TP Đông Bắc Bộ
Vinh,vinh,2026-01-15,thoitiet360,2026-01-15 10:25:29,20.0,18.3,22.7,1018.0,3.87,0.0,,Trang chủ Thời tiết các Tỉnh/TP Đông Bắc Bộ
Vinh,vinh,2026-01-16,thoitiet360,2026-01-16 10:24:46,23.0,17.8,24.1,1013.0,4.32,0.0,,Trang chủ Thời tiết các Tỉnh/TP Đông Bắc Bộ
Vinh,vinh,2026-01-17,thoitiet360,2026-01-17 10:17:53,22.0,18.1,24.2,1014.0,4.04,0.0,,Trang chủ Thời tiết các Tỉnh/TP Đông Bắc Bộ
Vinh,vinh,2026-01-18,thoitiet360,2026-01-18 10:40:31,24.0,20.2,25.4,1013.0,5.0,0.0,,Trang chủ Thời tiết các Tỉnh/TP Đông Bắc Bộ
Vinh,vinh,2026-01-19,thoitiet360,2026-01-19 10:44:44,24.0,18.0,25.0,1013.0,4.72,0.0,,Trang chủ Thời tiết các Tỉnh/TP Đông Bắc Bộ
Vinh,vinh,2026-01-20,thoitiet360,2026-01-20 10:28:35,24.0,19.4,25.8,1015.0,5.71,0.0,,Trang chủ Thời tiết các Tỉnh/TP Đông Bắc Bộ
Vinh,vinh,2026-01-21,thoitiet360,2026-01-21 10:28:02,24.0,19.9,24.0,1019.0,5.59,2.03,,Trang chủ Thời tiết các Tỉnh/TP Đông Bắc Bộ
Vinh,vinh,2026-01-22,thoitiet360,2026-01-22 10:42:05,17.0,15.2,20.8,1023.0,6.38,8.91,,Trang chủ Thời tiết các Tỉnh/TP Đông Bắc Bộ
Vinh,vinh,2026-01-23,thoitiet360,2026-01-23 10:27:41,16.0,14.4,18.9,1025.0,3.26,0.13,,Trang chủ Thời tiết các Tỉnh/TP Đông Bắc Bộ
Vinh,vinh,2026-01-24,thoitiet360,2026-01-24 10:21:57,17.0,16.9,18.0,1023.0,2.83,1.87,,Trang chủ Thời tiết các Tỉnh/TP Đông Bắc Bộ
Vinh,vinh,2026-01-25,thoitiet360,2026-01-25 10:48:14,22.0,15.6,22.9,1018.0,4.31,0.0,,Trang chủ Thời tiết các Tỉnh/TP Đông Bắc Bộ
Vinh,vinh,2026-01-26,thoitiet360,2026-01-26 10:51:20,23.0,17.0,23.1,1020.0,3.55,0.0,,Trang chủ Thời tiết các Tỉnh/TP Đông Bắc Bộ
Vinh,vinh,2026-01-27,thoitiet360,2026-01-27 10:42:13,23.0,18.0,23.4,1020.0,4.86,0.0,,Trang chủ Thời tiết các Tỉnh/TP Đông Bắc Bộ
Vinh,vinh,2026-01-28,thoitiet360,2026-01-28 10:30:10,22.0,18.0,23.3,1021.0,4.02,0.0,,Trang chủ Thời tiết các Tỉnh/TP Đông Bắc Bộ
Vinh,vinh,2026-01-29,thoitiet360,2026-01-29 11:02:18,23.0,16.6,24.3,1018.0,5.17,0.0,,Trang chủ Thời tiết các Tỉnh/TP Đông Bắc Bộ
Vinh,vinh,2026-01-30,thoitiet360,2026-01-30 11:03:11,24.0,18.0,24.6,1018.0,5.07,0.0,,Trang chủ Thời tiết các Tỉnh/TP Đông Bắc Bộ
Vinh,vinh,2026-01-31,thoitiet360,2026-01-31 10:59:48,23.0,18.0,25.0,1021.0,5.7,1.0,,Trang chủ Thời tiết các Tỉnh/TP Đông Bắc Bộ
Vinh,vinh,2026-02-01,thoitiet360,2026-02-01 11:24:15,20.0,18.8,21.3,1023.0,5.08,1.97,,Trang chủ Thời tiết các Tỉnh/TP Đông Bắc Bộ
Vinh,vinh,2026-02-02,thoitiet360,2026-02-02 11:16:59,17.0,17.4,18.2,1025.0,3.88,2.69,,Trang chủ Thời tiết các Tỉnh/TP Đông Bắc Bộ
Vinh,vinh,2026-02-03,thoitiet360,2026-02-03 11:09:00,19.0,16.4,20.2,1024.0,3.69,0.0,,Trang chủ Thời tiết các Tỉnh/TP Đông Bắc Bộ
Vinh,vinh,2026-02-04,thoitiet360,2026-02-04 11:06:15,22.0,15.0,24.0,1019.0,4.81,0.0,,Trang chủ Thời tiết các Tỉnh/TP Đông Bắc Bộ
Vinh,vinh,2026-02-05,thoitiet360,2026-02-05 11:08:00,25.0,17.2,25.0,1015.0,4.54,0.0,,Trang chủ Thời tiết các Tỉnh/TP Đông Bắc Bộ
Vinh,vinh,2026-02-06,thoitiet360,2026-02-06 11:08:45,25.0,19.7,25.2,1014.0,5.2,0.0,,Trang chủ Thời tiết các Tỉnh/TP Đông Bắc Bộ
Vinh,vinh,2026-02-07,thoitiet360,2026-02-07 11:02:40,23.0,20.6,24.0,1017.0,3.89,0.93,,Trang chủ Thời tiết các Tỉnh/TP Đông Bắc Bộ
Vinh,vinh,2026-02-08,thoitiet360,2026-02-08 11:29:07,20.0,15.6,21.6,1021.0,8.69,29.68,,Trang chủ Thời tiết các Tỉnh/TP Đông Bắc Bộ
Vinh,vinh,2026-02-09,thoitiet360,2026-02-09 11:20:20,17.0,15.5,18.2,1022.0,3.23,0.75,,Trang chủ Thời tiết các Tỉnh/TP Đông Bắc Bộ
Vinh,vinh,2026-02-10,thoitiet360,2026-02-10 11:27:18,22.0,16.0,22.4,1019.0,3.46,0.0,,Trang chủ Thời tiết các Tỉnh/TP Đông Bắc Bộ
Vinh,vinh,2026-02-11,thoitiet360,2026-02-11 11:24:58,23.0,19.0,23.8,1021.0,3.83,0.0,,Trang chủ Thời tiết các Tỉnh/TP Đông Bắc Bộ
Vinh,vinh,2026-02-12,thoitiet360,2026-02-12 11:17:13,24.0,20.4,24.0,1018.0,4.95,0.37,,Trang chủ Thời tiết các Tỉnh/TP Đông Bắc Bộ
Vinh,vinh,2026-02-13,thoitiet360,2026-02-13 11:14:01,24.0,18.7,24.5,1016.0,4.63,0.0,,Trang chủ Thời tiết các Tỉnh/TP Đông Bắc Bộ
Vinh,vinh,2026-02-14,thoitiet360,2026-02-14 11:03:56,24.0,19.5,25.3,1016.0,4.62,0.0,,Trang chủ Thời tiết các Tỉnh/TP Đông Bắc Bộ
Vinh,vinh,2026-02-15,thoitiet360,2026-02-15 11:15:04,24.0,19.3,25.3,1014.0,5.17,0.0,,Trang chủ Thời tiết các Tỉnh/TP Đông Bắc Bộ
Vinh,vinh,2026-02-16,thoitiet360,2026-02-16 11:17:33,26.0,19.3,26.4,1015.0,5.59,0.0,,Trang chủ Thời tiết các Tỉnh/TP Đông Bắc Bộ
Vinh,vinh,2026-02-17,thoitiet360,2026-02-17 11:12:41,22.0,21.5,22.3,1018.0,5.12,3.19,,Trang chủ Thời tiết các Tỉnh/TP Đông Bắc Bộ
Vinh,vinh,2026-02-18,thoitiet360,2026-02-18 11:14:28,20.0,19.2,21.2,1020.0,5.71,5.32,,Trang chủ Thời tiết các Tỉnh/TP Đông Bắc Bộ
Vinh,vinh,2026-02-19,thoitiet360,2026-02-19 11:13:51,20.0,18.3,20.4,1022.0,4.36,7.32,,Trang chủ Thời tiết các Tỉnh/TP Đông Bắc Bộ
Vinh,vinh,2026-02-20,thoitiet360,2026-02-20 11:08:29,20.0,19.0,21.0,1021.0,2.76,3.45,,Trang chủ Thời tiết các Tỉnh/TP Đông Bắc Bộ
Vinh,vinh,2026-02-21,thoitiet360,2026-02-21 11:00:18,24.0,18.0,25.5,1012.0,4.77,0.0,,Trang chủ Thời tiết các Tỉnh/TP Đông Bắc Bộ
Vinh,vinh,2026-02-22,thoitiet360,2026-02-22 11:10:17,25.0,20.1,25.6,1011.0,4.29,0.98,,Trang chủ Thời tiết các Tỉnh/TP Đông Bắc Bộ
Vinh,vinh,2026-02-23,thoitiet360,2026-02-23 11:16:28,25.0,21.4,27.8,1012.0,5.32,0.33,,Trang chủ Thời tiết các Tỉnh/TP Đông Bắc Bộ
Vinh,vinh,2026-02-24,thoitiet360,2026-02-24 11:11:45,25.0,22.0,26.7,1012.0,4.3,3.46,,Trang chủ Thời tiết các Tỉnh/TP Đông Bắc Bộ
Vinh,vinh,2026-02-25,thoitiet360,2026-02-25 11:13:28,24.0,22.5,25.6,1013.0,4.29,5.75,,Trang chủ Thời tiết các Tỉnh/TP Đông Bắc Bộ
Vinh,vinh,2026-02-26,thoitiet360,2026-02-26 11:09:59,27.0,20.8,27.5,1011.0,3.85,2.33,,Trang chủ Thời tiết các Tỉnh/TP Đông Bắc Bộ
Vinh,vinh,2026-02-27,thoitiet360,2026-02-27 11:06:41,25.0,22.0,25.2,1009.0,2.98,1.64,,Trang chủ Thời tiết các Tỉnh/TP Đông Bắc Bộ
Vinh,vinh,2026-02-28,thoitiet360,2026-02-28 10:48:26,29.0,22.7,29.7,1007.0,4.22,1.29,,Trang chủ Thời tiết các Tỉnh/TP Đông Bắc Bộ
Vinh,vinh,2026-03-01,thoitiet360,2026-03-01 11:15:45,32.0,23.9,32.1,1006.0,4.0,0.0,,Trang chủ Thời tiết các Tỉnh/TP Đông Bắc Bộ
Vinh,vinh,2026-03-02,thoitiet360,2026-03-02 11:07:17,31.0,24.8,31.5,1008.0,5.3,0.0,,Trang chủ Thời tiết các Tỉnh/TP Đông Bắc Bộ
Vinh,vinh,2026-03-03,thoitiet360,2026-03-03 11:08:09,23.0,21.0,24.5,1013.0,6.31,4.3,,Trang chủ Thời tiết các Tỉnh/TP Đông Bắc Bộ
Vinh,vinh,2026-03-04,thoitiet360,2026-03-04 11:02:43,20.0,19.0,20.7,1019.0,5.61,1.95,,Trang chủ Thời tiết các Tỉnh/TP Đông Bắc Bộ
Vinh,vinh,2026-03-05,thoitiet360,2026-03-05 11:06:06,21.0,19.7,21.8,1016.0,2.99,0.12,,Trang chủ Thời tiết các Tỉnh/TP Đông Bắc Bộ
Vinh,vinh,2026-03-06,thoitiet360,2026-03-06 11:03:30,21.0,20.0,22.4,1019.0,4.04,2.36,,Trang chủ Thời tiết các Tỉnh/TP Đông Bắc Bộ
Vinh,vinh,2026-03-07,thoitiet360,2026-03-07 10:54:05,22.0,19.8,23.6,1018.0,4.08,0.0,,Trang chủ Thời tiết các Tỉnh/TP Đông Bắc Bộ
Vinh,vinh,2026-03-08,thoitiet360,2026-03-08 11:04:45,25.0,19.2,26.0,1018.0,5.19,0.0,,Trang chủ Thời tiết các Tỉnh/TP Đông Bắc Bộ
Vinh,vinh,2026-03-09,thoitiet360,2026-03-09 11:10:27,24.0,19.7,24.8,1021.0,8.16,4.2,,Trang chủ Thời tiết các Tỉnh/TP Đông Bắc Bộ
Vinh,vinh,2026-03-10,thoitiet360,2026-03-10 11:02:38,19.0,17.2,22.4,1024.0,4.77,1.31,,Trang chủ Thời tiết các Tỉnh/TP Đông Bắc Bộ
Vinh,vinh,2026-03-11,thoitiet360,2026-03-11 11:03:34,22.0,17.5,22.6,1019.0,4.54,0.0,,Trang chủ Thời tiết các Tỉnh/TP Đông Bắc Bộ
Vinh,vinh,2026-03-12,thoitiet360,2026-03-12 11:07:59,22.0,19.4,22.5,1020.0,4.91,1.13,,Trang chủ Thời tiết các Tỉnh/TP Đông Bắc Bộ
Vinh,vinh,2026-03-13,thoitiet360,2026-03-13 11:05:57,22.0,17.6,22.4,1021.0,5.24,0.0,,Trang chủ Thời tiết các Tỉnh/TP Đông Bắc Bộ
Vinh,vinh,2026-03-14,thoitiet360,2026-03-14 11:04:49,21.0,19.7,22.4,1021.0,2.49,0.65,,Trang chủ Thời tiết các Tỉnh/TP Đông Bắc Bộ
Vinh,vinh,2026-03-15,thoitiet360,2026-03-15 11:27:16,24.0,18.6,25.9,1020.0,5.03,0.0,,Trang chủ Thời tiết các Tỉnh/TP Đông Bắc Bộ
Vinh,vinh,2026-03-16,thoitiet360,2026-03-16 11:34:35,25.0,19.6,25.1,1017.0,6.03,0.0,,Trang chủ Thời tiết các Tỉnh/TP Đông Bắc Bộ
Vinh,vinh,2026-03-17,thoitiet360,2026-03-17 11:12:30,26.0,19.4,26.1,1014.0,5.79,0.0,,Trang chủ Thời tiết các Tỉnh/TP Đông Bắc Bộ
Vinh,vinh,2026-03-18,thoitiet360,2026-03-18 11:17:29,26.0,20.1,26.7,1014.0,5.11,0.0,,Trang chủ Thời tiết các Tỉnh/TP Đông Bắc Bộ
Vinh,vinh,2026-03-19,thoitiet360,2026-03-19 11:16:03,27.0,21.7,29.0,1014.0,5.82,0.0,,Trang chủ Thời tiết các Tỉnh/TP Đông Bắc Bộ
Vinh,vinh,2026-03-20,thoitiet360,2026-03-20 11:07:48,27.0,21.3,28.6,1013.0,6.12,1.7,,Trang chủ Thời tiết các Tỉnh/TP Đông Bắc Bộ
Vinh,vinh,2026-03-21,thoitiet360,2026-03-21 10:58:59,27.0,22.5,28.7,1015.0,5.67,4.19,,Trang chủ Thời tiết các Tỉnh/TP Đông Bắc Bộ
Vinh,vinh,2026-03-22,thoitiet360,2026-03-22 11:13:01,28.0,22.0,29.0,1014.0,6.43,2.69,,Trang chủ Thời tiết các Tỉnh/TP Đông Bắc Bộ
Vinh,vinh,2026-03-23,thoitiet360,2026-03-23 11:22:44,28.0,22.1,28.9,1013.0,6.21,2.38,,Trang chủ Thời tiết các Tỉnh/TP Đông Bắc Bộ
Vinh,vinh,2026-03-24,thoitiet360,2026-03-24 11:11:43,28.0,22.8,29.0,1011.0,6.14,0.0,,Trang chủ Thời tiết các Tỉnh/TP Đông Bắc Bộ
Vinh,vinh,2026-03-25,thoitiet360,2026-03-25 11:13:11,28.0,22.6,30.0,1012.0,6.0,0.0,,Trang chủ Thời tiết các Tỉnh/TP Đông Bắc Bộ
Vinh,vinh,2026-03-26,thoitiet360,2026-03-26 11:27:50,29.0,22.8,29.8,1010.0,5.17,0.0,,Trang chủ Thời tiết các Tỉnh/TP Đông Bắc Bộ
Vinh,vinh,2026-03-27,thoitiet360,2026-03-27 11:28:40,30.0,23.0,30.0,1009.0,6.74,0.0,,Trang chủ Thời tiết các Tỉnh/TP Đông Bắc Bộ
Vinh,vinh,2026-03-28,thoitiet360,2026-03-28 11:12:57,30.0,22.8,30.3,1010.0,5.44,0.0,,Trang chủ Thời tiết các Tỉnh/TP Đông Bắc Bộ
Vinh,vinh,2026-03-29,thoitiet360,2026-03-29 11:31:56,30.0,22.6,30.3,1010.0,5.98,0.0,,Trang chủ Thời tiết các Tỉnh/TP Đông Bắc Bộ
Vinh,vinh,2026-03-30,thoitiet360,2026-03-30 11:39:58,38.0,23.6,38.5,1006.0,7.6,0.0,,Trang chủ Thời tiết các Tỉnh/TP Đông Bắc Bộ
Vinh,vinh,2026-03-31,thoitiet360,2026-03-31 11:31:15,38.0,26.0,38.4,1007.0,6.39,0.0,,Trang chủ Thời tiết các Tỉnh/TP Đông Bắc Bộ
Vinh,vinh,2026-04-01,thoitiet360,2026-04-01 11:43:48,25.0,23.0,26.5,1013.0,6.62,0.91,,Trang chủ Thời tiết các Tỉnh/TP Đông Bắc Bộ
Vinh,vinh,2026-04-02,thoitiet360,2026-04-02 11:23:47,31.0,22.8,31.1,1010.0,6.36,0.0,,Trang chủ Thời tiết các Tỉnh/TP Đông Bắc Bộ
Vinh,vinh,2026-04-03,thoitiet360,2026-04-03 11:24:29,38.0,23.3,38.5,1005.0,5.43,0.0,,Trang chủ Thời tiết các Tỉnh/TP Đông Bắc Bộ
Vinh,vinh,2026-04-04,thoitiet360,2026-04-04 11:10:56,29.0,24.2,29.5,1007.0,7.45,0.0,,Trang chủ Thời tiết các Tỉnh/TP Đông Bắc Bộ
Vinh,vinh,2026-04-05,thoitiet360,2026-04-05 11:32:19,38.0,23.7,38.5,1003.0,4.08,0.0,,Trang chủ Thời tiết các Tỉnh/TP Đông Bắc Bộ
Vinh,vinh,2026-04-06,thoitiet360,2026-04-06 11:39:28,40.0,27.3,41.4,1004.0,5.57,0.0,,Trang chủ Thời tiết các Tỉnh/TP Đông Bắc Bộ
Vinh,vinh,2026-04-07,thoitiet360,2026-04-07 11:28:12,40.0,27.8,41.1,1005.0,6.61,0.0,,Trang chủ Thời tiết các Tỉnh/TP Đông Bắc Bộ
Vinh,vinh,2026-04-08,thoitiet360,2026-04-08 11:31:26,38.0,27.1,38.8,1006.0,5.19,0.0,,Trang chủ Thời tiết các Tỉnh/TP Đông Bắc Bộ
Vinh,vinh,2026-04-09,thoitiet360,2026-04-09 11:28:04,39.0,25.6,40.4,1006.0,5.43,0.0,,Trang chủ Thời tiết các Tỉnh/TP Đông Bắc Bộ
Vinh,vinh,2026-04-10,thoitiet360,2026-04-10 11:41:44,40.0,27.9,41.2,1006.0,7.26,0.0,,Trang chủ Thời tiết các Tỉnh/TP Đông Bắc Bộ
Vinh,vinh,2026-04-11,thoitiet360,2026-04-11 11:14:42,38.0,27.5,42.2,1006.0,8.63,0.0,,Trang chủ Thời tiết các Tỉnh/TP Đông Bắc Bộ
Vinh,vinh,2026-04-12,thoitiet360,2026-04-12 11:42:30,40.0,26.7,40.6,1003.0,5.01,0.0,,Trang chủ Thời tiết các Tỉnh/TP Đông Bắc Bộ
Vinh,vinh,2026-04-13,thoitiet360,2026-04-13 11:54:03,38.0,26.2,38.8,1005.0,7.09,0.0,,Trang chủ Thời tiết các Tỉnh/TP Đông Bắc Bộ
Vinh,vinh,2026-04-14,thoitiet360,2026-04-14 11:40:52,36.0,25.8,36.8,1007.0,6.39,0.31,,Trang chủ Thời tiết các Tỉnh/TP Đông Bắc Bộ
Vinh,vinh,2026-04-15,thoitiet360,2026-04-15 11:40:54,34.0,24.6,34.4,1006.0,7.42,0.0,,Trang chủ Thời tiết các Tỉnh/TP Đông Bắc Bộ
Vinh,vinh,2026-04-16,thoitiet360,2026-04-16 11:47:20,34.0,23.2,34.5,1008.0,6.7,0.0,,Trang chủ Thời tiết các Tỉnh/TP Đông Bắc Bộ
Vinh,vinh,2026-04-17,thoitiet360,2026-04-17 11:44:31,31.0,23.4,31.1,1010.0,6.57,2.13,,Trang chủ Thời tiết các Tỉnh/TP Đông Bắc Bộ
Vinh,vinh,2026-04-18,thoitiet360,2026-04-18 11:26:39,29.0,22.9,30.1,1011.0,7.35,3.01,,Trang chủ Thời tiết các Tỉnh/TP Đông Bắc Bộ
Vinh,vinh,2026-04-19,thoitiet360,2026-04-19 11:47:04,29.0,22.6,30.6,1011.0,7.0,6.3,,Trang chủ Thời tiết các Tỉnh/TP Đông Bắc Bộ
Vinh,vinh,2026-04-20,thoitiet360,2026-04-20 11:53:45,31.0,23.0,31.1,1008.0,7.21,4.67,,Trang chủ Thời tiết các Tỉnh/TP Đông Bắc Bộ
Vinh,vinh,2026-04-21,thoitiet360,2026-04-21 11:44:21,32.0,23.0,32.6,1006.0,5.8,0.9,,Trang chủ Thời tiết các Tỉnh/TP Đông Bắc Bộ
Vinh,vinh,2026-04-22,thoitiet360,2026-04-22 11:41:53,36.0,25.3,36.1,1005.0,5.22,0.21,,Trang chủ Thời tiết các Tỉnh/TP Đông Bắc Bộ
Vinh,vinh,2026-04-23,thoitiet360,2026-04-23 11:46:38,30.0,24.8,30.7,1008.0,5.64,7.99,,Trang chủ Thời tiết các Tỉnh/TP Đông Bắc Bộ
Vinh,vinh,2026-04-24,thoitiet360,2026-04-24 11:50:26,25.0,23.4,25.2,1012.0,4.58,15.56,,Trang chủ Thời tiết các Tỉnh/TP Đông Bắc Bộ
Vinh,vinh,2026-04-25,thoitiet360,2026-04-25 11:31:26,26.0,23.5,28.0,1016.0,4.47,2.42,,Trang chủ Thời tiết các Tỉnh/TP Đông Bắc Bộ
Vinh,vinh,2026-04-26,thoitiet360,2026-04-26 11:54:34,29.0,22.3,29.3,1011.0,5.42,3.31,,Trang chủ Thời tiết các Tỉnh/TP Đông Bắc Bộ
